architecture,best_epoch,calibration_loss,cllr,condition,dprime,embedding_dim,epochs_completed,eval_set,exit_code,exp_id,gflops_2s,loss,mean_epoch_s,min_cllr,model,n_classes,params_total,seed,stage,test_eer,test_eer_asnorm,test_mindcf,test_mindcf_asnorm,test_n_trials,val_eer,val_mindcf,wall_h
ecapa1024,24,0.281,0.9058,si_celeb,1.6961860316036195,256,40,test,0,A_ecapa1024_aamsoftmax_si_celeb_s42,5.1669,aamsoftmax,111.44,0.6248,ECAPA_TDNN,82,14461056,42,A,19.719740048740864,19.496344435418358,0.9240454914703494,0.917851340373679,19696,24.3043,0.9992,1.246
ecapa1024,24,0.435,0.8995,si_celeb,2.207181541335919,256,40,transfer_si,0,A_ecapa1024_aamsoftmax_si_celeb_s42,5.1669,aamsoftmax,111.44,0.4645,ECAPA_TDNN,82,14461056,42,A,14.013509426353465,13.660651275330174,0.7425143663675773,0.7740699667305171,19838,24.3043,0.9992,1.246
ecapa1024,24,0.6393,0.8567,si_celeb,3.2608663071119985,256,40,transfer_ta,0,A_ecapa1024_aamsoftmax_si_celeb_s42,5.1669,aamsoftmax,111.44,0.2174,ECAPA_TDNN,82,14461056,42,A,5.956207312173567,6.448372840498193,0.3660104459622335,0.39674568099638474,19912,24.3043,0.9992,1.246
ecapa1024,55,0.7023,0.8405,si_pooled,3.982983051731373,256,60,test_read,0,A_ecapa1024_aamsoftmax_si_pooled_s42,5.1669,aamsoftmax,459.93,0.1382,ECAPA_TDNN,418,14461056,42,A,3.296703296703297,3.1757233592095924,0.23964109285210292,0.21000100816614561,19838,12.7389,0.62073,7.707
ecapa1024,55,0.3821,0.9193,si_pooled,1.9621303220413582,256,60,test_wild,0,A_ecapa1024_aamsoftmax_si_pooled_s42,5.1669,aamsoftmax,459.93,0.5372,ECAPA_TDNN,418,14461056,42,A,16.500812347684814,16.460194963444355,0.8269699431356629,0.8087936636880589,19696,12.7389,0.62073,7.707
ecapa1024,55,0.7025,0.8405,si_pooled,3.983234190292246,256,60,transfer_si,0,A_ecapa1024_aamsoftmax_si_pooled_s42,5.1669,aamsoftmax,459.93,0.138,ECAPA_TDNN,418,14461056,42,A,3.306784958161102,3.1656416977517865,0.2392378263937906,0.21080754108277075,19838,12.7389,0.62073,7.707
ecapa1024,55,0.7533,0.8438,si_pooled,4.444589719373997,256,60,transfer_ta,0,A_ecapa1024_aamsoftmax_si_pooled_s42,5.1669,aamsoftmax,459.93,0.0905,ECAPA_TDNN,418,14461056,42,A,2.4106066693451185,2.3704298915226962,0.14885496183206146,0.15417838489353203,19912,12.7389,0.62073,7.707
ecapa1024,41,0.6673,0.8395,si,3.7523206725731115,256,57,test,0,A_ecapa1024_aamsoftmax_si_s42,5.1669,aamsoftmax,355.41,0.1722,ECAPA_TDNN,336,14461056,42,A,4.37544107268878,3.9116846456295984,0.31001108982760317,0.26786974493396437,19838,3.7215,0.2423,2.644
ecapa1024,41,0.7396,0.8538,si,4.162867320175145,256,57,transfer_ta,0,A_ecapa1024_aamsoftmax_si_s42,5.1669,aamsoftmax,355.41,0.1142,ECAPA_TDNN,336,14461056,42,A,3.1137002812374446,2.7922860586580955,0.1890317396544787,0.18591803937324186,19912,3.7215,0.2423,2.644
ecapa1024,46,0.7545,0.7907,ta,5.491521577331553,256,60,test,0,A_ecapa1024_aamsoftmax_ta_s42,5.1669,aamsoftmax,302.36,0.0362,ECAPA_TDNN,446,14461056,42,A,0.8838891120932058,0.813579750903981,0.06960626757733938,0.06980715146645157,19912,0.8096,0.07023,2.04
ecapa1024,46,0.6447,0.8759,ta,3.2878121813480283,256,60,transfer_si,0,A_ecapa1024_aamsoftmax_ta_s42,5.1669,aamsoftmax,302.36,0.2313,ECAPA_TDNN,446,14461056,42,A,6.129650166347414,6.169976812178647,0.37211412440770314,0.41113015424942073,19838,0.8096,0.07023,2.04
ecapa1024,46,0.7599,0.8077,ta,5.1786176025172965,256,60,test_samebatch,0,A_ecapa1024_aamsoftmax_ta_s42,5.1669,aamsoftmax,302.36,0.0478,ECAPA_TDNN,446,14461056,42,A,1.30071830712483,1.10658124635993,0.08931673660358702,0.08773741328473136,15107,0.8096,0.07023,2.04
ecapa512,49,0.2823,0.9107,si_celeb,1.6775621874691784,256,60,test,0,A_ecapa512_aamsoftmax_si_celeb_s42,1.9272,aamsoftmax,85.82,0.6283,ECAPA_TDNN_C512,82,5994688,42,A,19.95329000812348,19.740048740861095,0.908712428919578,0.9022136474411054,19696,23.2432,0.9958,1.442
ecapa512,49,0.447,0.8962,si_celeb,2.258378791535884,256,60,transfer_si,0,A_ecapa512_aamsoftmax_si_celeb_s42,1.9272,aamsoftmax,85.82,0.4491,ECAPA_TDNN_C512,82,5994688,42,A,13.307793124306889,13.025506603488255,0.7455388648049208,0.7715495513660644,19838,23.2432,0.9958,1.442
ecapa512,49,0.6208,0.8481,si_celeb,3.2699813907722732,256,60,transfer_ta,0,A_ecapa512_aamsoftmax_si_celeb_s42,1.9272,aamsoftmax,85.82,0.2274,ECAPA_TDNN_C512,82,5994688,42,A,6.147047006830054,6.639212535154682,0.3861992768179995,0.4086982723985526,19912,23.2432,0.9958,1.442
ecapa512,52,0.7017,0.8407,si_pooled,3.978820242086814,256,60,test_read,0,A_ecapa512_aamsoftmax_si_pooled_s42,1.9272,aamsoftmax,377.66,0.139,ECAPA_TDNN_C512,418,5994688,42,A,3.3571932654501424,3.3168666196189136,0.2320798467587449,0.22088920254057778,19838,12.5688,0.63094,6.315
ecapa512,52,0.3718,0.9219,si_pooled,1.9175823216143735,256,60,test_wild,0,A_ecapa512_aamsoftmax_si_pooled_s42,1.9272,aamsoftmax,377.66,0.5501,ECAPA_TDNN_C512,418,5994688,42,A,16.978066612510155,16.825751421608448,0.8265637692932573,0.8051380991064184,19696,12.5688,0.63094,6.315
ecapa512,52,0.7017,0.8407,si_pooled,3.978745086287,256,60,transfer_si,0,A_ecapa512_aamsoftmax_si_pooled_s42,1.9272,aamsoftmax,377.66,0.139,ECAPA_TDNN_C512,418,5994688,42,A,3.3773565883657652,3.316866619618908,0.23308801290452666,0.22099001915515587,19838,12.5688,0.63094,6.315
ecapa512,52,0.7527,0.8478,si_pooled,4.340531881810862,256,60,transfer_ta,0,A_ecapa512_aamsoftmax_si_pooled_s42,1.9272,aamsoftmax,377.66,0.0951,ECAPA_TDNN_C512,418,5994688,42,A,2.531137002812378,2.450783447167537,0.14905584572117297,0.15970269184411442,19912,12.5688,0.63094,6.315
ecapa512,27,0.6651,0.8402,si,3.768322454950879,256,43,test,0,A_ecapa512_aamsoftmax_si_s42,1.9272,aamsoftmax,418.46,0.1751,ECAPA_TDNN_C512,336,5994688,42,A,4.284706119568504,4.224216150821655,0.30305474342171496,0.2712975098296208,19838,3.6415,0.2611,2.035
ecapa512,27,0.7414,0.8542,si,4.099595090574012,256,43,transfer_ta,0,A_ecapa512_aamsoftmax_si_s42,1.9272,aamsoftmax,418.46,0.1128,ECAPA_TDNN_C512,336,5994688,42,A,2.9128163921253516,2.8023302531137,0.200582563278425,0.1870229007633581,19912,3.6415,0.2611,2.035
ecapa512,38,0.7505,0.7916,ta,5.337440604593483,256,54,test,0,A_ecapa512_aamsoftmax_ta_s42,1.9272,aamsoftmax,325.33,0.041,ECAPA_TDNN_C512,446,5994688,42,A,1.0445962233828847,0.9742868621936521,0.075532342306148,0.0845721173161905,19912,1.0322,0.06841,1.911
ecapa512,38,0.6363,0.8766,ta,3.236956917796857,256,54,transfer_si,0,A_ecapa512_aamsoftmax_ta_s42,1.9272,aamsoftmax,325.33,0.2403,ECAPA_TDNN_C512,446,5994688,42,A,6.452263332997278,6.321201734045771,0.41959874987397894,0.41707833450952697,19838,1.0322,0.06841,1.911
ecapa512,38,0.7564,0.8102,ta,5.007149772096272,256,54,test_samebatch,0,A_ecapa512_aamsoftmax_ta_s42,1.9272,aamsoftmax,325.33,0.0538,ECAPA_TDNN_C512,446,5994688,42,A,1.355966251506624,1.265568501406189,0.09486879134821068,0.10476759750278328,15107,1.0322,0.06841,1.911
mlpmixer,34,0.2481,0.912,si_celeb,1.5702680173267376,256,50,test,0,A_mlpmixer_aamsoftmax_si_celeb_s42,3.0308,aamsoftmax,60.81,0.6638,MLPMixerSpeaker,82,7713024,42,A,21.34443541835906,21.415515840779854,0.9714662875710797,0.9200852965069045,19696,24.2843,0.998,0.85
mlpmixer,34,0.4272,0.8952,si_celeb,2.1979062283098156,256,50,transfer_si,0,A_mlpmixer_aamsoftmax_si_celeb_s42,3.0308,aamsoftmax,60.81,0.468,MLPMixerSpeaker,82,7713024,42,A,14.164734348220588,13.912692811775385,0.7735658836576274,0.7844540780320588,19838,24.2843,0.998,0.85
mlpmixer,34,0.6032,0.8577,si_celeb,3.075600797842616,256,50,transfer_ta,0,A_mlpmixer_aamsoftmax_si_celeb_s42,3.0308,aamsoftmax,60.81,0.2544,MLPMixerSpeaker,82,7713024,42,A,6.960626757734034,7.573322619525914,0.42858577742065074,0.42858577742065057,19912,24.2843,0.998,0.85
mlpmixer,43,0.68,0.8402,si_pooled,3.815453827108361,256,59,test_read,0,A_mlpmixer_aamsoftmax_si_pooled_s42,3.0308,aamsoftmax,497.48,0.1602,MLPMixerSpeaker,418,7713024,42,A,4.274624458110699,4.052827906038914,0.2816816211311627,0.26907954430890235,19838,13.5495,0.69819,8.188
mlpmixer,43,0.3505,0.9189,si_pooled,1.8717508256868824,256,59,test_wild,0,A_mlpmixer_aamsoftmax_si_pooled_s42,3.0308,aamsoftmax,497.48,0.5684,MLPMixerSpeaker,418,7713024,42,A,17.638099106417545,17.231925264012993,0.8643379366368811,0.8224004874086113,19696,13.5495,0.69819,8.188
mlpmixer,43,0.68,0.8402,si_pooled,3.8156760619590178,256,59,transfer_si,0,A_mlpmixer_aamsoftmax_si_pooled_s42,3.0308,aamsoftmax,497.48,0.1602,MLPMixerSpeaker,418,7713024,42,A,4.234297812279464,4.052827906038916,0.28087508821453727,0.26716402863191746,19838,13.5495,0.69819,8.188
mlpmixer,43,0.7526,0.8576,si_pooled,4.042259879135523,256,59,transfer_ta,0,A_mlpmixer_aamsoftmax_si_pooled_s42,3.0308,aamsoftmax,497.48,0.105,MLPMixerSpeaker,418,7713024,42,A,2.7420650863800744,2.8927280032141423,0.18009240658899203,0.18913218159903633,19912,13.5495,0.69819,8.188
mlpmixer,32,0.6484,0.8417,si,3.5730851483858497,256,48,test,0,A_mlpmixer_aamsoftmax_si_s42,3.0308,aamsoftmax,364.78,0.1932,MLPMixerSpeaker,336,7713024,42,A,4.929932452868233,4.65772759350741,0.35094263534630493,0.3218066337332391,19838,4.5818,0.29392,1.845
mlpmixer,32,0.7363,0.8853,si,3.576484690993913,256,48,transfer_ta,0,A_mlpmixer_aamsoftmax_si_s42,3.0308,aamsoftmax,364.78,0.149,MLPMixerSpeaker,336,7713024,42,A,3.9674568099638408,3.485335476094817,0.2636601044596226,0.24768983527521163,19912,4.5818,0.29392,1.845
mlpmixer,58,0.7422,0.789,ta,5.213210024877813,256,60,test,0,A_mlpmixer_aamsoftmax_ta_s42,3.0308,aamsoftmax,307.7,0.0468,MLPMixerSpeaker,446,7713024,42,A,1.255524306950584,1.1651265568501379,0.08356769787063173,0.08537565287263871,19912,1.1536,0.08399,5.153
mlpmixer,58,0.6227,0.8835,ta,3.0840883698087986,256,60,transfer_si,0,A_mlpmixer_aamsoftmax_ta_s42,3.0308,aamsoftmax,307.7,0.2608,MLPMixerSpeaker,446,7713024,42,A,7.107571327754814,7.047081359007967,0.4059885069059391,0.4466176025809055,19838,1.1536,0.08399,5.153
mlpmixer,58,0.7479,0.8094,ta,4.875866876333325,256,60,test_samebatch,0,A_mlpmixer_aamsoftmax_ta_s42,3.0308,aamsoftmax,307.7,0.0616,MLPMixerSpeaker,446,7713024,42,A,1.66957872257814,1.6171153073523459,0.10267551522954121,0.10807163244152668,15107,1.1536,0.08399,5.153
resnetse34l,5,0.2134,0.9249,si_celeb,1.395967254189694,256,21,test,0,A_resnetse34l_aamsoftmax_si_celeb_s42,1.7881,aamsoftmax,86.31,0.7115,ResNetSE34L,82,1404054,42,A,25.13200649878148,24.654752233956135,0.989541023558082,0.9904549147034922,19696,27.8879,0.9976,0.514
resnetse34l,5,0.4045,0.9286,si_celeb,1.8715646696644848,256,21,transfer_si,0,A_resnetse34l_aamsoftmax_si_celeb_s42,1.7881,aamsoftmax,86.31,0.524,ResNetSE34L,82,1404054,42,A,16.36253654602279,17.048089525153745,0.9051315656820248,0.9574553886480489,19838,27.8879,0.9976,0.514
resnetse34l,5,0.5544,0.9127,si_celeb,2.1273592782243673,256,21,transfer_ta,0,A_resnetse34l_aamsoftmax_si_celeb_s42,1.7881,aamsoftmax,86.31,0.3583,ResNetSE34L,82,1404054,42,A,10.496183206106869,12.12334270791483,0.7079148252310158,0.9329047810365615,19912,27.8879,0.9976,0.514
resnetse34l,14,0.6274,0.8187,si_pooled,3.6393262418388557,256,30,test_read,0,A_resnetse34l_aamsoftmax_si_pooled_s42,1.7881,aamsoftmax,365.69,0.1913,ResNetSE34L,418,1404054,42,A,5.212218973686866,4.980340760157276,0.3413650569613878,0.35578183284605197,19838,15.1106,0.83028,3.066
resnetse34l,14,0.2679,0.9321,si_pooled,1.5676589923490127,256,30,test_wild,0,A_resnetse34l_aamsoftmax_si_pooled_s42,1.7881,aamsoftmax,365.69,0.6642,ResNetSE34L,418,1404054,42,A,21.527213647441105,20.613322502030872,0.9786758732737612,0.9255686433793655,19696,15.1106,0.83028,3.066
resnetse34l,14,0.6272,0.8187,si_pooled,3.63950379341355,256,30,transfer_si,0,A_resnetse34l_aamsoftmax_si_pooled_s42,1.7881,aamsoftmax,365.69,0.1914,ResNetSE34L,418,1404054,42,A,5.212218973686864,4.970259098699466,0.34267567295090123,0.3562859159189428,19838,15.1106,0.83028,3.066
resnetse34l,14,0.7144,0.8683,si_pooled,3.4298901544390774,256,30,transfer_ta,0,A_resnetse34l_aamsoftmax_si_pooled_s42,1.7881,aamsoftmax,365.69,0.1539,ResNetSE34L,418,1404054,42,A,4.308959421454399,4.148252310164724,0.275813579750904,0.34632382482924895,19912,15.1106,0.83028,3.066
resnetse34l,21,0.6226,0.8158,si,3.641968142960135,256,37,test,0,A_resnetse34l_aamsoftmax_si_s42,1.7881,aamsoftmax,343.79,0.1932,ResNetSE34L,336,1404054,42,A,4.990422421615082,4.869442484121378,0.3785663877407,0.3556810162314748,19838,4.3617,0.33453,3.546
resnetse34l,21,0.7174,0.8992,si,3.23183429706767,256,37,transfer_ta,0,A_resnetse34l_aamsoftmax_si_s42,1.7881,aamsoftmax,343.79,0.1817,ResNetSE34L,336,1404054,42,A,4.941743672157495,4.519887505022102,0.32251908396946544,0.36128967456810007,19912,4.3617,0.33453,3.546
resnetse34l,54,0.7111,0.7765,ta,4.835818881480751,256,60,test,0,A_resnetse34l_aamsoftmax_ta_s42,1.7881,aamsoftmax,296.45,0.0654,ResNetSE34L,446,1404054,42,A,1.7075130574527924,1.6171153073523503,0.13921253515467974,0.13830855765367692,19912,1.7608,0.12244,4.951
resnetse34l,54,0.5857,0.8588,ta,3.0528750161893514,256,60,transfer_si,0,A_resnetse34l_aamsoftmax_ta_s42,1.7881,aamsoftmax,296.45,0.2731,ResNetSE34L,446,1404054,42,A,7.66206270793427,7.621736062103035,0.5128541183587056,0.5428974695029734,19838,1.7608,0.12244,4.951
resnetse34l,54,0.7089,0.7941,ta,4.497677280856163,256,60,test_samebatch,0,A_resnetse34l_aamsoftmax_ta_s42,1.7881,aamsoftmax,296.45,0.0853,ResNetSE34L,446,1404054,42,A,2.259943752511051,2.09668025626092,0.17264525355945848,0.1858269961895622,15107,1.7608,0.12244,4.951
resnetse34v2,30,0.2596,0.9141,si_celeb,1.603232988515432,256,46,test,0,A_resnetse34v2_aamsoftmax_si_celeb_s42,9.2549,aamsoftmax,113.45,0.6545,ResNetSE34V2,82,7373388,42,A,20.653939886271324,20.461007311129165,0.9562347684809106,0.9561332250203083,19696,24.8849,0.99239,1.406
resnetse34v2,30,0.5354,0.8951,si_celeb,2.631432572450325,256,46,transfer_si,0,A_resnetse34v2_aamsoftmax_si_celeb_s42,9.2549,aamsoftmax,113.45,0.3597,ResNetSE34V2,82,7373388,42,A,10.343784655711264,10.303458009880028,0.6238532110091751,0.7187216453271497,19838,24.8849,0.99239,1.406
resnetse34v2,30,0.6584,0.8483,si_celeb,3.4767254708050186,256,46,transfer_ta,0,A_resnetse34v2_aamsoftmax_si_celeb_s42,9.2549,aamsoftmax,113.45,0.1898,ResNetSE34V2,82,7373388,42,A,5.403776617115308,5.484130172760149,0.3448171956609074,0.3716351948573733,19912,24.8849,0.99239,1.406
resnetse34v2,26,0.6905,0.8398,si_pooled,3.9246789131509363,256,42,test_read,0,A_resnetse34v2_aamsoftmax_si_pooled_s42,9.2549,aamsoftmax,677.67,0.1493,ResNetSE34V2,418,7373388,42,A,3.8108680310515175,3.578989817521927,0.24700070571630206,0.23167658030043323,19838,13.7396,0.62814,7.97
resnetse34v2,26,0.3222,0.9234,si_pooled,1.760264380921628,256,42,test_wild,0,A_resnetse34v2_aamsoftmax_si_pooled_s42,9.2549,aamsoftmax,677.67,0.6012,ResNetSE34V2,418,7373388,42,A,18.887083671811535,18.602761982128353,0.8818034118602769,0.883021933387489,19696,13.7396,0.62814,7.97
resnetse34v2,26,0.6905,0.8398,si_pooled,3.925121252898454,256,42,transfer_si,0,A_resnetse34v2_aamsoftmax_si_pooled_s42,9.2549,aamsoftmax,677.67,0.1493,ResNetSE34V2,418,7373388,42,A,3.8007863695937116,3.5890714789797356,0.24730315556003626,0.23328964613368341,19838,13.7396,0.62814,7.97
resnetse34v2,26,0.748,0.8439,si_pooled,4.348621978811599,256,42,transfer_ta,0,A_resnetse34v2_aamsoftmax_si_pooled_s42,9.2549,aamsoftmax,677.67,0.096,ResNetSE34V2,418,7373388,42,A,2.6516673362796306,2.6516673362796306,0.1526717557251907,0.17687826436319812,19912,13.7396,0.62814,7.97
resnetse34v2,9,0.6627,0.8409,si,3.708235364949065,256,25,test,0,A_resnetse34v2_aamsoftmax_si_s42,9.2549,aamsoftmax,536.76,0.1783,ResNetSE34V2,336,7373388,42,A,4.708135900796451,4.6174009476761775,0.30396209295291843,0.2918640992035478,19838,4.2417,0.27291,3.744
resnetse34v2,9,0.7289,0.8439,si,4.2393504345110085,256,25,transfer_ta,0,A_resnetse34v2_aamsoftmax_si_s42,9.2549,aamsoftmax,536.76,0.115,ResNetSE34V2,336,7373388,42,A,3.0333467255926077,3.2744073925271193,0.23543591803937228,0.26225391723583846,19912,4.2417,0.27291,3.744
resnetse34v2,35,0.7421,0.7927,ta,5.387351227562914,256,51,test,0,A_resnetse34v2_aamsoftmax_ta_s42,9.2549,aamsoftmax,254.45,0.0506,ResNetSE34V2,446,7373388,42,A,1.3760546404178386,1.265568501406189,0.0991361992768178,0.09722780233025359,19912,1.4167,0.0931,3.62
resnetse34v2,35,0.6285,0.8739,ta,3.2431011382345987,256,51,transfer_si,0,A_resnetse34v2_aamsoftmax_ta_s42,9.2549,aamsoftmax,254.45,0.2454,ResNetSE34V2,446,7373388,42,A,6.2909567496723495,6.2203851194676885,0.4070974896662967,0.4230265147696336,19838,1.4167,0.0931,3.62
resnetse34v2,35,0.7418,0.8072,ta,5.085200915662655,256,51,test_samebatch,0,A_resnetse34v2_aamsoftmax_ta_s42,9.2549,aamsoftmax,254.45,0.0654,ResNetSE34V2,446,7373388,42,A,1.7677782241864226,1.8682201687424627,0.11956696047739199,0.12564897273883482,15107,1.4167,0.0931,3.62
ssl_wavlm,22,0.1651,0.9365,si_celeb,1.2209806676870725,256,38,test,0,A_ssl_wavlm_aamsoftmax_si_celeb_s42,22.0962,aamsoftmax,151.29,0.7714,SSLFrontendSpeaker,82,94976240,42,A,27.28472786352559,26.65515840779854,0.9951259138911451,0.994008935824533,19696,25.7457,0.9998,1.626
ssl_wavlm,22,0.3237,0.9379,si_celeb,1.6860182678605162,256,38,transfer_si,0,A_ssl_wavlm_aamsoftmax_si_celeb_s42,22.0962,aamsoftmax,151.29,0.6142,SSLFrontendSpeaker,82,94976240,42,A,19.71972981147293,20.21373122290554,0.9003931847968553,0.9834660752091945,19838,25.7457,0.9998,1.626
ssl_wavlm,22,0.446,0.9402,si_celeb,1.9307300591329595,256,38,transfer_ta,0,A_ssl_wavlm_aamsoftmax_si_celeb_s42,22.0962,aamsoftmax,151.29,0.4943,SSLFrontendSpeaker,82,94976240,42,A,14.915628766572922,18.300522298111687,0.7180594616311772,0.8635998392928881,19912,25.7457,0.9998,1.626
ssl_wavlm,60,0.5845,0.8709,si_pooled,2.73689920845424,256,60,test_read,0,A_ssl_wavlm_aamsoftmax_si_pooled_s42,22.0962,aamsoftmax,1601.43,0.2865,SSLFrontendSpeaker,418,94976240,42,A,7.964512551668513,7.450347817320295,0.514971267264846,0.5104345196088313,19838,16.6517,0.77995,8.616
ssl_wavlm,60,0.1858,0.9606,si_pooled,1.1966245899978307,256,60,test_wild,0,A_ssl_wavlm_aamsoftmax_si_pooled_s42,22.0962,aamsoftmax,1601.43,0.7748,SSLFrontendSpeaker,418,94976240,42,A,27.50812347684809,26.005280259951256,0.9722786352558902,0.9713647441104792,19696,16.6517,0.77995,8.616
ssl_wavlm,60,0.5843,0.8709,si_pooled,2.73715892434078,256,60,transfer_si,0,A_ssl_wavlm_aamsoftmax_si_pooled_s42,22.0962,aamsoftmax,1601.43,0.2866,SSLFrontendSpeaker,418,94976240,42,A,7.904022582921666,7.440266155862487,0.5168867829418291,0.5072083879423336,19838,16.6517,0.77995,8.616
ssl_wavlm,60,0.6011,0.9071,si_pooled,2.6066479769515527,256,60,transfer_ta,0,A_ssl_wavlm_aamsoftmax_si_pooled_s42,22.0962,aamsoftmax,1601.43,0.306,SSLFrontendSpeaker,418,94976240,42,A,8.567697870630775,10.094415427882685,0.4660506227400559,0.6038569706709512,19912,16.6517,0.77995,8.616
ssl_wavlm,41,0.5699,0.8654,si,2.7220571380333856,256,60,test,0,A_ssl_wavlm_aamsoftmax_si_s42,22.0962,aamsoftmax,646.86,0.2955,SSLFrontendSpeaker,336,94976240,42,A,8.246799072487143,7.873777598548242,0.5438048190341759,0.515878616796047,19838,7.0828,0.45918,1.24
ssl_wavlm,41,0.5914,0.9245,si,2.4632686612723953,256,60,transfer_ta,0,A_ssl_wavlm_aamsoftmax_si_s42,22.0962,aamsoftmax,646.86,0.3331,SSLFrontendSpeaker,336,94976240,42,A,9.31096826034552,9.833266372036963,0.48774608276416154,0.5834672559260747,19912,7.0828,0.45918,1.24
ssl_wavlm,35,0.6573,0.8318,ta,3.473663171843143,256,51,test,0,A_ssl_wavlm_aamsoftmax_ta_s42,22.0962,aamsoftmax,562.1,0.1746,SSLFrontendSpeaker,446,94976240,42,A,4.6203294495781435,3.796705504218567,0.2872639614302939,0.2387505022097231,19912,4.8371,0.27565,8.038
ssl_wavlm,35,0.4001,0.9262,ta,1.9381494298179138,256,51,transfer_si,0,A_ssl_wavlm_aamsoftmax_ta_s42,22.0962,aamsoftmax,562.1,0.5261,SSLFrontendSpeaker,446,94976240,42,A,16.070168363746344,16.402863191854024,0.8320395201129149,0.944450045367477,19838,4.8371,0.27565,8.038
ssl_wavlm,35,0.6412,0.8521,ta,3.209484106966646,256,51,test_samebatch,0,A_ssl_wavlm_aamsoftmax_ta_s42,22.0962,aamsoftmax,562.1,0.2109,SSLFrontendSpeaker,446,94976240,42,A,5.674969867416635,4.730815588589799,0.3556954228970514,0.30957812121344036,15107,4.8371,0.27565,8.038
vggvox,22,0.238,0.9359,si_celeb,1.4615391007584944,256,38,test,0,A_vggvox_aamsoftmax_si_celeb_s42,1.0599,aamsoftmax,49.01,0.6979,VGGVox,82,3637952,42,A,23.598700243704307,22.76604386677498,0.9895410235580822,0.9863931762794479,19696,26.8268,0.9994,0.52
vggvox,22,0.4562,0.934,si_celeb,2.0908957990812578,256,38,transfer_si,0,A_vggvox_aamsoftmax_si_celeb_s42,1.0599,aamsoftmax,49.01,0.4777,VGGVox,82,3637952,42,A,14.578082467990727,13.166649863897572,0.8184292771448738,0.8356689182377258,19838,26.8268,0.9994,0.52
vggvox,22,0.625,0.9001,si_celeb,2.730750607460258,256,38,transfer_ta,0,A_vggvox_aamsoftmax_si_celeb_s42,1.0599,aamsoftmax,49.01,0.2751,VGGVox,82,3637952,42,A,7.764162314182399,8.296504620329449,0.523001205303335,0.6518682201687434,19912,26.8268,0.9994,0.52
vggvox,23,0.6273,0.8377,si_pooled,3.5387166118915814,256,39,test_read,0,A_vggvox_aamsoftmax_si_pooled_s42,1.0599,aamsoftmax,346.93,0.2104,VGGVox,418,3637952,42,A,5.383607218469599,5.252545619518097,0.3622340961790496,0.3414658735759661,19838,16.0512,0.73632,3.769
vggvox,23,0.2269,0.9347,si_pooled,1.4352419255233053,256,39,test_wild,0,A_vggvox_aamsoftmax_si_pooled_s42,1.0599,aamsoftmax,346.93,0.7079,VGGVox,418,3637952,42,A,23.659626320064987,23.243298131600326,0.9602965069049546,0.9421202274573509,19696,16.0512,0.73632,3.769
vggvox,23,0.6275,0.8377,si_pooled,3.5397270093804853,256,39,transfer_si,0,A_vggvox_aamsoftmax_si_pooled_s42,1.0599,aamsoftmax,346.93,0.2101,VGGVox,418,3637952,42,A,5.353362234096181,5.282790603891521,0.3581006149813491,0.3404577074301852,19838,16.0512,0.73632,3.769
vggvox,23,0.6733,0.8616,si_pooled,3.588241526796835,256,39,transfer_ta,0,A_vggvox_aamsoftmax_si_pooled_s42,1.0599,aamsoftmax,346.93,0.1883,VGGVox,418,3637952,42,A,5.303334672559257,4.901566894335074,0.3166934511852154,0.3125753314584176,19912,16.0512,0.73632,3.769
vggvox,30,0.6017,0.8346,si,3.397567793876047,256,46,test,0,A_vggvox_aamsoftmax_si_s42,1.0599,aamsoftmax,255.37,0.2328,VGGVox,336,3637952,42,A,5.84736364552878,5.7868736767819335,0.3920758140941627,0.3648553281580797,19838,5.1621,0.34374,3.271
vggvox,30,0.6722,0.8792,si,3.3338634399927254,256,46,transfer_ta,0,A_vggvox_aamsoftmax_si_s42,1.0599,aamsoftmax,255.37,0.207,VGGVox,336,3637952,42,A,5.775411811972679,5.413820811570913,0.3648051426275605,0.3467255926074722,19912,5.1621,0.34374,3.271
vggvox,56,0.7209,0.7886,ta,5.139109367009562,256,60,test,0,A_vggvox_aamsoftmax_ta_s42,1.0599,aamsoftmax,192.19,0.0677,VGGVox,446,3637952,42,A,1.9485737243873043,1.8581759742868575,0.12434712736038539,0.13218159903575694,19912,1.9024,0.1188,3.211
vggvox,56,0.57,0.869,ta,2.9549343113702067,256,60,transfer_si,0,A_vggvox_aamsoftmax_ta_s42,1.0599,aamsoftmax,192.19,0.299,VGGVox,446,3637952,42,A,8.014920858957558,8.297207379776188,0.5396713378364745,0.5988506905938091,19838,1.9024,0.1188,3.211
vggvox,56,0.7158,0.8046,ta,4.711233099983558,256,60,test_samebatch,0,A_vggvox_aamsoftmax_ta_s42,1.0599,aamsoftmax,192.19,0.0889,VGGVox,446,3637952,42,A,2.5813579750903926,2.48495437779072,0.1597886846562845,0.15671993073152307,15107,1.9024,0.1188,3.211
ecapa1024,10,0.6528,0.8858,en_full,3.330430259849778,256,10,transfer_si,0,E_ecapa1024_aamsoftmax_en_full_s42,5.1669,aamsoftmax,15339.66,0.233,ECAPA_TDNN,5871,14461056,42,E,6.250630103841114,6.0792418590583726,0.3669724770642198,0.37917128742816864,19838,3.4959,0.16646,7.615
ecapa1024,10,0.8051,0.8787,en_full,4.598192963674402,256,10,transfer_ta,0,E_ecapa1024_aamsoftmax_en_full_s42,5.1669,aamsoftmax,15339.66,0.0736,ECAPA_TDNN,5871,14461056,42,E,1.888308557653673,1.988750502209724,0.15377661711530757,0.13519485737243955,19912,3.4959,0.16646,7.615
ecapa1024,32,0.5824,0.8588,en_matched,2.9863965789628804,256,48,test,0,E_ecapa1024_aamsoftmax_en_matched_s42,5.1669,aamsoftmax,385.0,0.2764,ECAPA_TDNN,336,14461056,42,E,7.579999999999998,7.469999999999999,0.41089999999999993,0.3928999999999997,20000,7.18,0.3986,5.168
ecapa1024,32,0.5204,0.9009,en_matched,2.5446790440865787,256,48,transfer_si,0,E_ecapa1024_aamsoftmax_en_matched_s42,5.1669,aamsoftmax,385.0,0.3804,ECAPA_TDNN,336,14461056,42,E,10.807541082770445,10.686561145276743,0.6370601875189027,0.6919044258493791,19838,7.18,0.3986,5.168
ecapa1024,32,0.6873,0.8861,en_matched,3.354873457604742,256,48,transfer_ta,0,E_ecapa1024_aamsoftmax_en_matched_s42,5.1669,aamsoftmax,385.0,0.1989,ECAPA_TDNN,336,14461056,42,E,5.313378867014862,5.433909200482123,0.3623945359582159,0.38258336681398203,19912,7.18,0.3986,5.168
ecapa512,54,0.5752,0.861,en_matched,2.9407159639380787,256,15,test,0,E_ecapa512_aamsoftmax_en_matched_s42,1.9272,aamsoftmax,500.55,0.2858,ECAPA_TDNN_C512,336,5994688,42,E,7.960000000000001,7.68,0.4354999999999999,0.4343000000000003,20000,7.72,0.3818,2.106
ecapa512,54,0.5169,0.9071,en_matched,2.474359322192639,256,15,transfer_si,0,E_ecapa512_aamsoftmax_en_matched_s42,1.9272,aamsoftmax,500.55,0.3902,ECAPA_TDNN_C512,336,5994688,42,E,11.372114124407705,11.432604093154552,0.6603488254864406,0.7223510434519609,19838,7.72,0.3818,2.106
ecapa512,54,0.6805,0.8896,en_matched,3.3264999823093895,256,15,transfer_ta,0,E_ecapa512_aamsoftmax_en_matched_s42,1.9272,aamsoftmax,500.55,0.2091,ECAPA_TDNN_C512,336,5994688,42,E,5.614704700683005,5.664925672961029,0.35194857372438665,0.363499397348332,19912,7.72,0.3818,2.106
mlpmixer,44,0.5597,0.859,en_matched,2.877738094927153,256,39,test,0,E_mlpmixer_aamsoftmax_en_matched_s42,3.0308,aamsoftmax,681.59,0.2993,MLPMixerSpeaker,336,7713024,42,E,8.25,8.02,0.44779999999999903,0.4353,20000,8.0,0.4408,7.409
mlpmixer,44,0.5026,0.8991,en_matched,2.467606501545366,256,39,transfer_si,0,E_mlpmixer_aamsoftmax_en_matched_s42,3.0308,aamsoftmax,681.59,0.3965,MLPMixerSpeaker,336,7713024,42,E,11.644318983768526,11.654400645226337,0.6461336828309306,0.6695231374130453,19838,8.0,0.4408,7.409
mlpmixer,44,0.6537,0.8908,en_matched,3.113125296198003,256,39,transfer_ta,0,E_mlpmixer_aamsoftmax_en_matched_s42,3.0308,aamsoftmax,681.59,0.237,MLPMixerSpeaker,336,7713024,42,E,6.609079951787866,6.297709923664121,0.4397348332663725,0.4095018079550025,19912,8.0,0.4408,7.409
resnetse34l,43,0.5354,0.8435,en_matched,2.81165951427409,256,59,test,0,E_resnetse34l_aamsoftmax_en_matched_s42,1.7881,aamsoftmax,561.7,0.3081,ResNetSE34L,336,1404054,42,E,8.760000000000002,8.130000000000004,0.5640999999999993,0.5207,20000,8.8,0.5444,9.222
resnetse34l,43,0.4863,0.8975,en_matched,2.2619702365140824,256,59,transfer_si,0,E_resnetse34l_aamsoftmax_en_matched_s42,1.7881,aamsoftmax,561.7,0.4112,ResNetSE34L,336,1404054,42,E,12.672648452464966,10.9990926504688,0.7521927613670729,0.7689283193870357,19838,8.8,0.5444,9.222
resnetse34l,43,0.633,0.8958,en_matched,2.5785687224703797,256,59,transfer_ta,0,E_resnetse34l_aamsoftmax_en_matched_s42,1.7881,aamsoftmax,561.7,0.2628,ResNetSE34L,336,1404054,42,E,7.503013258336681,6.689433507432707,0.5254118119726803,0.49196464443551535,19912,8.8,0.5444,9.222
resnetse34v2,42,0.5904,0.8593,en_matched,3.014107324663343,256,58,test,0,E_resnetse34v2_aamsoftmax_en_matched_s42,9.2549,aamsoftmax,701.11,0.2689,ResNetSE34V2,336,7373388,42,E,7.26,7.08,0.41680000000000056,0.4143999999999995,20000,7.24,0.3358,2.885
resnetse34v2,42,0.5788,0.8856,en_matched,2.864345726258378,256,58,transfer_si,0,E_resnetse34v2_aamsoftmax_en_matched_s42,9.2549,aamsoftmax,701.11,0.3068,ResNetSE34V2,336,7373388,42,E,8.710555499546325,8.771045468293174,0.567395906845449,0.6535941123097094,19838,7.24,0.3358,2.885
resnetse34v2,42,0.7043,0.8676,en_matched,3.740188855190101,256,58,transfer_ta,0,E_resnetse34v2_aamsoftmax_en_matched_s42,9.2549,aamsoftmax,701.11,0.1634,ResNetSE34V2,336,7373388,42,E,4.3893129770992365,4.5600642828445155,0.33959421454399263,0.3479308959421446,19912,7.24,0.3358,2.885
ssl_wavlm,42,0.565,0.8507,en_matched,2.899717985441312,256,58,test,0,E_ssl_wavlm_aamsoftmax_en_matched_s42,22.0962,aamsoftmax,650.27,0.2857,SSLFrontendSpeaker,336,94976240,42,E,7.88,7.26,0.5803999999999995,0.535999999999999,20000,8.22,0.6634,7.279
ssl_wavlm,42,0.2323,0.9973,en_matched,1.216970661623458,256,58,transfer_si,0,E_ssl_wavlm_aamsoftmax_en_matched_s42,22.0962,aamsoftmax,650.27,0.765,SSLFrontendSpeaker,336,94976240,42,E,26.15182982155459,23.44994455086198,0.9785260610948677,0.9978828510938599,19838,8.22,0.6634,7.279
ssl_wavlm,42,0.424,1.0195,en_matched,1.5677694330761196,256,58,transfer_ta,0,E_ssl_wavlm_aamsoftmax_en_matched_s42,22.0962,aamsoftmax,650.27,0.5955,SSLFrontendSpeaker,336,94976240,42,E,18.822820409803136,19.023704298915227,0.8112695861791887,0.8780634793089603,19912,8.22,0.6634,7.279
vggvox,41,0.5043,0.8595,en_matched,2.666673363736543,256,60,test,0,E_vggvox_aamsoftmax_en_matched_s42,1.0599,aamsoftmax,584.52,0.3552,VGGVox,336,3637952,42,E,10.419999999999996,9.76,0.6321999999999992,0.5890999999999997,20000,10.44,0.614,1.12
vggvox,41,0.5142,0.9092,en_matched,2.386821057711762,256,60,transfer_si,0,E_vggvox_aamsoftmax_en_matched_s42,1.0599,aamsoftmax,584.52,0.395,VGGVox,336,3637952,42,E,11.765298921262223,11.805625567093458,0.7008771045468298,0.8064321000100806,19838,10.44,0.614,1.12
vggvox,41,0.6424,0.8774,en_matched,2.9632461295968433,256,60,transfer_ta,0,E_vggvox_aamsoftmax_en_matched_s42,1.0599,aamsoftmax,584.52,0.235,VGGVox,336,3637952,42,E,6.729610285255127,6.729610285255127,0.43722378465246986,0.48734431498593844,19912,10.44,0.614,1.12
mfcc40d,42,0.6657,0.8448,si,3.7004302049114712,256,60,test,0,F_mfcc40d_aamsoftmax_si_s42,5.2492,aamsoftmax,379.72,0.1791,ECAPA_TDNN_MFCC40D,336,14665856,42,F,4.395604395604396,4.062909567496719,0.2956951305575162,0.2507309204556902,19838,3.9416,0.29492,1.44
mfcc40d,42,0.7467,0.8398,si,4.466472265418604,256,60,transfer_ta,0,F_mfcc40d_aamsoftmax_si_s42,5.2492,aamsoftmax,379.72,0.0931,ECAPA_TDNN_MFCC40D,336,14665856,42,F,2.581357975090398,2.490960224989956,0.17527119325030172,0.19083969465648887,19912,3.9416,0.29492,1.44
mfcc40d,53,0.7524,0.7926,ta,5.53321345582146,256,60,test,0,F_mfcc40d_aamsoftmax_ta_s42,5.2492,aamsoftmax,286.86,0.0402,ECAPA_TDNN_MFCC40D,446,14665856,42,F,1.1349939734833268,1.0245078344716754,0.06729610285255173,0.06337886701486636,19912,1.0322,0.05262,4.81
mfcc40d,53,0.6408,0.8692,ta,3.323388995815135,256,60,transfer_si,0,F_mfcc40d_aamsoftmax_ta_s42,5.2492,aamsoftmax,286.86,0.2283,ECAPA_TDNN_MFCC40D,446,14665856,42,F,6.069160197600565,5.978425244480291,0.36183082972073854,0.3692912591995158,19838,1.0322,0.05262,4.81
mfcc40d,53,0.7568,0.8089,ta,5.235113051318385,256,60,test_samebatch,0,F_mfcc40d_aamsoftmax_ta_s42,5.2492,aamsoftmax,286.86,0.0521,ECAPA_TDNN_MFCC40D,446,14665856,42,F,1.4965849738850956,1.41720054358377,0.07750288417162075,0.08068927860337319,15107,1.0322,0.05262,4.81
mfcc80,59,0.6678,0.847,si,3.680619210144374,256,60,test,0,F_mfcc80_aamsoftmax_si_s42,5.1669,aamsoftmax,424.1,0.1793,ECAPA_TDNN_MFCC,336,14461056,42,F,4.486339348724666,4.143562859159189,0.2976106462345,0.2687770944651683,19838,4.0616,0.27771,2.098
mfcc80,59,0.7342,0.8423,si,4.354067212240335,256,60,transfer_ta,0,F_mfcc80_aamsoftmax_si_s42,5.1669,aamsoftmax,424.1,0.1081,ECAPA_TDNN_MFCC,336,14461056,42,F,2.983125753314586,2.782241864202495,0.2053033346725587,0.21203294495781388,19912,4.0616,0.27771,2.098
mfcc80,42,0.7494,0.793,ta,5.430682364849199,256,60,test,0,F_mfcc80_aamsoftmax_ta_s42,5.1669,aamsoftmax,358.32,0.0436,ECAPA_TDNN_MFCC,446,14461056,42,F,1.1249497790277219,1.0345520289272825,0.07814383286460469,0.07764162314182489,19912,1.0929,0.0682,1.082
mfcc80,42,0.6417,0.8694,ta,3.3267607623777,256,60,transfer_si,0,F_mfcc80_aamsoftmax_ta_s42,5.1669,aamsoftmax,358.32,0.2277,ECAPA_TDNN_MFCC,446,14461056,42,F,6.280875088214538,6.109486843431798,0.36425042847061273,0.3662667607621745,19838,1.0929,0.0682,1.082
mfcc80,42,0.7531,0.8094,ta,5.152222002826527,256,60,test_samebatch,0,F_mfcc80_aamsoftmax_ta_s42,5.1669,aamsoftmax,358.32,0.0563,ECAPA_TDNN_MFCC,446,14461056,42,F,1.5336827800427102,1.4262756126958598,0.08576687141925765,0.09278725830657476,15107,1.0929,0.0682,1.082
ssl_mhubert_lw,39,0.7192,0.8168,si,4.4274131262085135,256,55,test,0,F_ssl_mhubert_lw_aamsoftmax_si_s42,27.6872,aamsoftmax,682.24,0.0976,SSLFrontendSpeakerLW,336,94966029,42,F,2.369190442584938,2.1776388748865783,0.1563665692106059,0.13509426353463141,19838,2.1409,0.14026,5.528
ssl_mhubert_lw,39,0.8305,0.9078,si,3.7263405424164615,256,55,transfer_ta,0,F_ssl_mhubert_lw_aamsoftmax_si_s42,27.6872,aamsoftmax,682.24,0.0773,SSLFrontendSpeakerLW,336,94966029,42,F,2.0590598633989554,1.9686621132985138,0.10154680594616255,0.1486540779429487,19912,2.1409,0.14026,5.528
ssl_mhubert_lw,14,0.7716,0.7874,ta,5.656347546210837,256,30,test,0,F_ssl_mhubert_lw_aamsoftmax_ta_s42,27.6872,aamsoftmax,483.1,0.0158,SSLFrontendSpeakerLW,446,94966029,42,F,0.42185616713539265,0.37163519485737245,0.03635998392928965,0.029730815588590486,19912,0.506,0.03076,4.071
ssl_mhubert_lw,14,0.7211,0.9027,ta,3.4360707431733335,256,30,transfer_si,0,F_ssl_mhubert_lw_aamsoftmax_ta_s42,27.6872,aamsoftmax,483.1,0.1816,SSLFrontendSpeakerLW,446,94966029,42,F,4.7585442080854925,4.365359411230971,0.2713983264441989,0.29932452868232684,19838,0.506,0.03076,4.071
ssl_mhubert_lw,14,0.7789,0.8002,ta,5.344531495769989,256,30,test_samebatch,0,F_ssl_mhubert_lw_aamsoftmax_ta_s42,27.6872,aamsoftmax,483.1,0.0213,SSLFrontendSpeakerLW,446,94966029,42,F,0.5624748895138643,0.48534265191225,0.04726985886025073,0.041198395830414035,15107,0.506,0.03076,4.071
ssl_wavlm_ft,3,0.6156,0.8305,si,3.536145788562696,256,19,test,0,F_ssl_wavlm_ft_aamsoftmax_si_s42,22.0962,aamsoftmax,581.38,0.2149,SSLFrontendSpeaker,336,94976240,42,F,5.403770541385223,5.413852202843029,0.37634842221998127,0.3665692106059077,19838,4.5218,0.31453,3.1
ssl_wavlm_ft,3,0.6774,0.8299,si,4.169629555643589,256,19,transfer_ta,0,F_ssl_wavlm_ft_aamsoftmax_si_s42,22.0962,aamsoftmax,581.38,0.1525,SSLFrontendSpeaker,336,94976240,42,F,4.13820811570912,3.7665729208517518,0.30062274005624817,0.25492165528324634,19912,4.5218,0.31453,3.1
ssl_wavlm_ft,15,0.7178,0.7889,ta,5.3541472215647765,256,31,test,0,F_ssl_wavlm_ft_aamsoftmax_ta_s42,22.0962,aamsoftmax,435.49,0.0711,SSLFrontendSpeaker,446,94976240,42,F,1.7878666130976328,1.7376456408196073,0.14815186822016807,0.13599839292888802,19912,1.8215,0.14653,3.786
ssl_wavlm_ft,15,0.5174,0.8682,ta,2.793586564209991,256,31,transfer_si,0,F_ssl_wavlm_ft_aamsoftmax_ta_s42,22.0962,aamsoftmax,435.49,0.3508,SSLFrontendSpeaker,446,94976240,42,F,9.627986692206877,9.839701582820847,0.6157878818429272,0.6631716906946263,19838,1.8215,0.14653,3.786
ssl_wavlm_ft,15,0.7061,0.7953,ta,5.058729210666345,256,31,test_samebatch,0,F_ssl_wavlm_ft_aamsoftmax_ta_s42,22.0962,aamsoftmax,435.49,0.0892,SSLFrontendSpeaker,446,94976240,42,F,2.2714036109493305,2.089192446765764,0.19963248895021657,0.18295912615391283,15107,1.8215,0.14653,3.786
ssl_wavlm_low,28,0.6658,0.8284,si,3.7680911854839576,256,49,test,0,F_ssl_wavlm_low_aamsoftmax_si_s42,22.0962,aamsoftmax,600.67,0.1627,SSLFrontendSpeaker,336,94976240,42,F,4.032664583123299,3.9822562758342617,0.2552676681117051,0.24972275430990953,19838,3.7015,0.22049,1.986
ssl_wavlm_low,28,0.7973,0.9404,si,3.232477159908711,256,49,transfer_ta,0,F_ssl_wavlm_low_aamsoftmax_si_s42,22.0962,aamsoftmax,600.67,0.143,SSLFrontendSpeaker,336,94976240,42,F,3.7565287263961467,5.8256327842507005,0.22519083969465548,0.41191241462434636,19912,3.7015,0.22049,1.986
ssl_wavlm_low,6,0.7453,0.7864,ta,5.0074678649708275,256,22,test,0,F_ssl_wavlm_low_aamsoftmax_ta_s42,22.0962,aamsoftmax,567.1,0.0411,SSLFrontendSpeaker,446,94976240,42,F,1.1249497790277219,1.0546404178384894,0.0803535556448368,0.08065488147850647,19912,1.1131,0.0761,3.541
ssl_wavlm_low,6,0.6341,0.9408,ta,2.7412826917455377,256,22,transfer_si,0,F_ssl_wavlm_low_aamsoftmax_ta_s42,22.0962,aamsoftmax,567.1,0.3067,SSLFrontendSpeaker,446,94976240,42,F,8.387942332896461,8.33753402560742,0.4447020869039209,0.5165843330980944,19838,1.1131,0.0761,3.541
ssl_wavlm_low,6,0.7513,0.8057,ta,4.6958330740524845,256,22,test_samebatch,0,F_ssl_wavlm_low_aamsoftmax_ta_s42,22.0962,aamsoftmax,567.1,0.0544,SSLFrontendSpeaker,446,94976240,42,F,1.49485536788973,1.4162314182402547,0.0978093555343771,0.10221825186323699,15107,1.1131,0.0761,3.541
ssl_wavlm_lw,40,0.703,0.8325,si,4.041575016490028,256,56,test,0,F_ssl_wavlm_lw_aamsoftmax_si_s42,22.0962,aamsoftmax,673.84,0.1295,SSLFrontendSpeakerLW,336,94976253,42,F,3.296703296703297,2.9640084685956247,0.1784454078032069,0.16544006452263407,19838,2.8011,0.17667,8.216
ssl_wavlm_lw,40,0.8261,0.9083,si,3.9618118896271106,256,56,transfer_ta,0,F_ssl_wavlm_lw_aamsoftmax_si_s42,22.0962,aamsoftmax,673.84,0.0822,SSLFrontendSpeakerLW,336,94976253,42,F,2.07914825231017,2.2800321414222577,0.13077541181197222,0.16753716351948506,19912,2.8011,0.17667,8.216
ssl_wavlm_lw,58,0.7785,0.8004,ta,5.438358930643451,256,60,test,0,F_ssl_wavlm_lw_aamsoftmax_ta_s42,22.0962,aamsoftmax,425.64,0.0219,SSLFrontendSpeakerLW,446,94976253,42,F,0.6227400562474839,0.4519887505022097,0.04298915226998847,0.026416231418240777,19912,0.5869,0.03704,2.122
ssl_wavlm_lw,58,0.7074,0.911,ta,3.2718378396538226,256,60,transfer_si,0,F_ssl_wavlm_lw_aamsoftmax_ta_s42,22.0962,aamsoftmax,425.64,0.2036,SSLFrontendSpeakerLW,446,94976253,42,F,5.5045871559633035,5.101320697650973,0.30093759451557583,0.35769734852303714,19838,0.5869,0.03704,2.122
ssl_wavlm_lw,58,0.7898,0.8184,ta,5.204011748148238,256,60,test_samebatch,0,F_ssl_wavlm_lw_aamsoftmax_ta_s42,22.0962,aamsoftmax,425.64,0.0286,SSLFrontendSpeakerLW,446,94976253,42,F,0.7959619491360901,0.542386500602654,0.049780907474151884,0.0369970327214929,15107,0.5869,0.03704,2.122
ssl_wavlm_mid,49,0.6324,0.8434,si,3.3174052249573247,256,60,test,0,F_ssl_wavlm_mid_aamsoftmax_si_s42,22.0962,aamsoftmax,948.65,0.211,SSLFrontendSpeaker,336,94976240,42,F,5.524750478878919,5.181973989313439,0.35608428268978654,0.3281580804516574,19838,4.7419,0.29952,5.393
ssl_wavlm_mid,49,0.7281,0.8942,si,3.269247617166689,256,60,transfer_ta,0,F_ssl_wavlm_mid_aamsoftmax_si_s42,22.0962,aamsoftmax,948.65,0.166,SSLFrontendSpeaker,336,94976240,42,F,4.630373644033749,4.118119726797909,0.26114905584572023,0.2886701486540786,19912,4.7419,0.29952,5.393
ssl_wavlm_mid,59,0.7446,0.8186,ta,4.339536388420939,256,60,test,0,F_ssl_wavlm_mid_aamsoftmax_ta_s42,22.0962,aamsoftmax,442.52,0.074,SSLFrontendSpeaker,446,94976240,42,F,1.8983527521092807,1.3961430293290444,0.12987143431096787,0.09692647649658416,19912,1.5786,0.11739,7.431
ssl_wavlm_mid,59,0.5638,0.8957,ta,2.630392801111851,256,60,transfer_si,0,F_ssl_wavlm_mid_aamsoftmax_ta_s42,22.0962,aamsoftmax,442.52,0.3319,SSLFrontendSpeaker,446,94976240,42,F,9.355781832846056,9.224720233894546,0.5755620526262717,0.64724266559129,19838,1.5786,0.11739,7.431
ssl_wavlm_mid,59,0.7427,0.8318,ta,4.118034280566753,256,60,test_samebatch,0,F_ssl_wavlm_mid_aamsoftmax_ta_s42,22.0962,aamsoftmax,442.52,0.0891,SSLFrontendSpeaker,446,94976240,42,F,2.3490584352552903,1.7476898352752124,0.15759616043848643,0.11339505550299715,15107,1.5786,0.11739,7.431
ssl_mhubert_ecapa,59,0.7062,0.8243,si,4.22582265439149,256,60,test,0,H_ssl_mhubert_ecapa_aamsoftmax_si_s42,30.8915,aamsoftmax,869.13,0.1181,SSL_ECAPA,336,112355341,42,H,2.7926202238128846,2.409517088416171,0.1879221695735451,0.15102328863796707,19838,2.421,0.13705,11.153
ssl_mhubert_ecapa,59,0.8085,0.9281,si,3.379348955753505,256,60,transfer_ta,0,H_ssl_mhubert_ecapa_aamsoftmax_si_s42,30.8915,aamsoftmax,869.13,0.1196,SSL_ECAPA,336,112355341,42,H,3.264363198071518,3.173965447971072,0.17969063881076672,0.25341502611490474,19912,2.421,0.13705,11.153
ssl_mhubert_ecapa,29,0.7689,0.783,ta,5.9820990810008166,256,45,test,0,H_ssl_mhubert_ecapa_aamsoftmax_ta_s42,30.8915,aamsoftmax,850.58,0.0142,SSL_ECAPA,446,112355341,42,H,0.4017677782241824,0.3214142225793526,0.02551225391723636,0.026014463640016503,19912,0.3238,0.03683,10.786
ssl_mhubert_ecapa,29,0.7031,0.8955,ta,3.4140508793112736,256,45,transfer_si,0,H_ssl_mhubert_ecapa_aamsoftmax_ta_s42,30.8915,aamsoftmax,850.58,0.1924,SSL_ECAPA,446,112355341,42,H,4.940014114326042,4.819034176832342,0.29690492993245177,0.3387438249823566,19838,0.3238,0.03683,10.786
ssl_mhubert_ecapa,29,0.777,0.7962,ta,5.669566555318987,256,45,test_samebatch,0,H_ssl_mhubert_ecapa_aamsoftmax_ta_s42,30.8915,aamsoftmax,850.58,0.0192,SSL_ECAPA,446,112355341,42,H,0.5047563579887401,0.4720771394134182,0.03639438105415662,0.034139711917449696,15107,0.3238,0.03683,10.786
ssl_wavlm_ecapa,49,0.7039,0.8348,si,4.0471799188386015,256,60,test,0,H_ssl_wavlm_ecapa_aamsoftmax_si_s42,25.3004,aamsoftmax,1307.3,0.1309,SSL_ECAPA,336,112365565,42,H,3.1656416977517865,2.8228652081863093,0.2092952918640995,0.18157072285512563,19838,2.461,0.16186,20.07
ssl_wavlm_ecapa,49,0.8254,0.9262,si,3.7262617262730253,256,60,transfer_ta,0,H_ssl_wavlm_ecapa_aamsoftmax_si_s42,25.3004,aamsoftmax,1307.3,0.1008,SSL_ECAPA,336,112365565,42,H,2.772197669746886,2.3202089192446764,0.14142225793491384,0.1753716351948566,19912,2.461,0.16186,20.07
ssl_wavlm_ecapa,59,0.7721,0.7875,ta,5.94942970237802,256,60,test,0,H_ssl_wavlm_ecapa_aamsoftmax_ta_s42,25.3004,aamsoftmax,1354.56,0.0154,SSL_ECAPA,446,112365565,42,H,0.39172358376858174,0.3917235837685773,0.03736440337485002,0.032744073925271795,19912,0.3845,0.02995,20.842
ssl_wavlm_ecapa,59,0.7209,0.9155,ta,3.3544919582012573,256,60,transfer_si,0,H_ssl_wavlm_ecapa_aamsoftmax_ta_s42,25.3004,aamsoftmax,1354.56,0.1946,SSL_ECAPA,446,112365565,42,H,5.071075713277551,5.111402359108781,0.31011190644218134,0.38532110091743094,19838,0.3845,0.02995,20.842
ssl_wavlm_ecapa,59,0.7794,0.8006,ta,5.6485310707315275,256,60,test_samebatch,0,H_ssl_wavlm_ecapa_aamsoftmax_ta_s42,25.3004,aamsoftmax,1354.56,0.0212,SSL_ECAPA,446,112365565,42,H,0.5629974762182101,0.52417006406523,0.04695133446414767,0.03984770419470943,15107,0.3845,0.02995,20.842
